team,name,number,position,url,mugshot
Eastern,Hayden Joel Blankley,#0,,https://www.pba.ph/players/hayden-joel-blankley,https://dashboard.pba.ph/assets/players/Hayden_Blankley.jpg
Eastern,Cameron Clark,#21,C/F,https://www.pba.ph/players/cameron-clark,https://dashboard.pba.ph/assets/players/Cameron_Clark.jpg
Eastern,Kobey Ketavong Lam,#22,,https://www.pba.ph/players/kobey-ketavong-lam,https://dashboard.pba.ph/assets/players/Kobey_Ketavong_Lam.jpg
Eastern,Glen Robertson Yang,#11,G,https://www.pba.ph/players/glen-robertson-yang,https://dashboard.pba.ph/assets/players/Glen_Robertson_Yang.jpg
Terrafirma Dyip,Kemark Cariño,#33,C/F,https://www.pba.ph/players/kemark-cariño,https://dashboard.pba.ph/assets/players/49Carino.png
Terrafirma Dyip,Ahmad Didat Hanapi,#28,F/G,https://www.pba.ph/players/ahmad-didat-hanapi,https://dashboard.pba.ph/assets/players/49Hanapi.png
Terrafirma Dyip,Paolo Jose Hernandez,#19,F/G,https://www.pba.ph/players/paolo-jose-hernandez,https://dashboard.pba.ph/assets/players/49Hernandez.png
Terrafirma Dyip,Antonio Hester,#9,Forward,https://www.pba.ph/players/antonio-hester,https://dashboard.pba.ph/assets/players/49Hester.png
Terrafirma Dyip,Aljun Melecio,#11,G,https://www.pba.ph/players/aljun-melecio,https://dashboard.pba.ph/assets/players/49Melecio.png
Terrafirma Dyip,Tommy York Olivario,#6,G,https://www.pba.ph/players/tommy-york-olivario,https://dashboard.pba.ph/assets/players/49Olivario.png
Terrafirma Dyip,Brent Paraiso,#38,F/G,https://www.pba.ph/players/brent-paraiso,https://dashboard.pba.ph/assets/players/49Paraiso.png
Terrafirma Dyip,Stanley Jr. Pringle,#11,G,https://www.pba.ph/players/stanley-jr.-pringle,https://dashboard.pba.ph/assets/players/49Pringle.png
Terrafirma Dyip,Terrence Romeo,#7,G,https://www.pba.ph/players/terrence-romeo,https://dashboard.pba.ph/assets/players/49Romeo.png
Terrafirma Dyip,Mark Louie Sangalang,#66,C/F,https://www.pba.ph/players/mark-louie-sangalang,https://dashboard.pba.ph/assets/players/49M-Sangalang.png
Terrafirma Dyip,Christian Karl Standhardinger,#34,C/F,https://www.pba.ph/players/christian-karl-standhardinger,https://dashboard.pba.ph/assets/players/49Standhardinger.png
NLEX Road Warriors,Baser Amer,#9,G,https://www.pba.ph/players/baser-amer,https://dashboard.pba.ph/assets/players/49Amer.png
NLEX Road Warriors,Robert Lee Bolick Jr.,#8,G,https://www.pba.ph/players/robert-lee-bolick-jr.,https://dashboard.pba.ph/assets/players/49Bolick.png
NLEX Road Warriors,Dominic Fajardo,#9,F/G,https://www.pba.ph/players/dominic-fajardo,https://dashboard.pba.ph/assets/players/49D-fajardo.png
NLEX Road Warriors,Mycheal Gerome Henry,#4,C/F,https://www.pba.ph/players/mycheal-gerome-henry,https://dashboard.pba.ph/assets/players/49Henry.png
NLEX Road Warriors,Robert Conrad Herndon,#11,G,https://www.pba.ph/players/robert-conrad-herndon,https://dashboard.pba.ph/assets/players/49Herndon.png
NLEX Road Warriors,Jhan McHale Nermal,#29,F,https://www.pba.ph/players/jhan-mchale-nermal,https://dashboard.pba.ph/assets/players/49Nermal.png
NLEX Road Warriors,Matthew Nieto,#31,guard,https://www.pba.ph/players/matthew-nieto,https://dashboard.pba.ph/assets/players/49Matt.png
NLEX Road Warriors,Jonnel Policarpio,#23,F,https://www.pba.ph/players/jonnel-policarpio,https://dashboard.pba.ph/assets/players/49Policarpio.png
NLEX Road Warriors,Richie Rodger,#1,PF,https://www.pba.ph/players/richie-rodger,https://dashboard.pba.ph/assets/players/49Rodger.png
NLEX Road Warriors,Anthony Paul Semerad,#33,F,https://www.pba.ph/players/anthony-paul-semerad,https://dashboard.pba.ph/assets/players/49Semerad.png
NLEX Road Warriors,Yousef Taha,#55,C,https://www.pba.ph/players/yousef-taha,https://dashboard.pba.ph/assets/players/24Taha.png
NLEX Road Warriors,Enoch Valdez,#24,G,https://www.pba.ph/players/enoch-valdez,https://dashboard.pba.ph/assets/players/49Valdez.png
TNT Tropang Giga,Kim Cyril Aurin,#35,F/G,https://www.pba.ph/players/kim-cyril-aurin,https://dashboard.pba.ph/assets/players/49Aurin.png
TNT Tropang Giga,Kevin Barkley Ebona,#0,C,https://www.pba.ph/players/kevin-barkley-ebona,https://dashboard.pba.ph/assets/players/49Ebona.png
TNT Tropang Giga,Brian Heruela,#13,G,https://www.pba.ph/players/brian-heruela,https://dashboard.pba.ph/assets/players/49Heruela.png
TNT Tropang Giga,Rondae Jaquan Hollis-Jefferson,#14,Forward,https://www.pba.ph/players/rondae-jaquan-hollis-jefferson,https://dashboard.pba.ph/assets/players/49RHJ.png
TNT Tropang Giga,Glenn Khobuntin,#12,F/G,https://www.pba.ph/players/glenn-khobuntin,https://dashboard.pba.ph/assets/players/49Khobuntin.png
TNT Tropang Giga,Rey Benedict Nambatac,#27,G,https://www.pba.ph/players/rey-benedict-nambatac,https://dashboard.pba.ph/assets/players/49Nambatac.png
TNT Tropang Giga,Calvin John Oftana,#8,F,https://www.pba.ph/players/calvin-john-oftana,https://dashboard.pba.ph/assets/players/49Oftana.png
TNT Tropang Giga,Calvin Payawal,#50,F,https://www.pba.ph/players/calvin-payawal,https://dashboard.pba.ph/assets/players/49Payawal.png
TNT Tropang Giga,Paul Varilla,#9,SG/SF,https://www.pba.ph/players/paul-varilla,https://dashboard.pba.ph/assets/players/49Varilla.png
TNT Tropang Giga,Almond Vosotros,#26,G,https://www.pba.ph/players/almond-vosotros,https://dashboard.pba.ph/assets/players/49Vosotros.png
Phoenix Fuel Masters,Jayjay Alejandro,#9,G,https://www.pba.ph/players/jayjay-alejandro,https://dashboard.pba.ph/assets/players/49Alejandro.png
Phoenix Fuel Masters,Kainoa Bryson Ballungay,#10,F,https://www.pba.ph/players/kainoa-bryson-ballungay,https://dashboard.pba.ph/assets/players/49Ballungay.png
Phoenix Fuel Masters,Simon David Camacho,#24,F/G,https://www.pba.ph/players/simon-david-camacho,https://dashboard.pba.ph/assets/players/49Camacho.png
Phoenix Fuel Masters,Matthew Daves,#12,C/F,https://www.pba.ph/players/matthew-daves,https://dashboard.pba.ph/assets/players/49Daves.png
Phoenix Fuel Masters,Sean Paul Manganti,#2,F/G,https://www.pba.ph/players/sean-paul-manganti,https://dashboard.pba.ph/assets/players/49Manganti.png
Phoenix Fuel Masters,Javee Mocon,#7,F,https://www.pba.ph/players/javee-mocon,https://dashboard.pba.ph/assets/players/49Mocon.png
Phoenix Fuel Masters,Larry Muyang,#1,C/F,https://www.pba.ph/players/larry-muyang,https://dashboard.pba.ph/assets/players/49Muyang.png
Phoenix Fuel Masters,Jason Perkins,#3,F,https://www.pba.ph/players/jason-perkins,https://dashboard.pba.ph/assets/players/49Perkins.png
Phoenix Fuel Masters,Ricci Paolo Rivero,#25,F/G,https://www.pba.ph/players/ricci-paolo-rivero,https://dashboard.pba.ph/assets/players/49Rivero.png
Phoenix Fuel Masters,Michael Kent Salado,#16,G,https://www.pba.ph/players/michael-kent-salado,https://dashboard.pba.ph/assets/players/49Salado.png
Phoenix Fuel Masters,Raul Soyud,#44,C,https://www.pba.ph/players/raul-soyud,https://dashboard.pba.ph/assets/players/49Soyud.png
Phoenix Fuel Masters,Kenneth James Tuffin,#20,F/G,https://www.pba.ph/players/kenneth-james-tuffin,https://dashboard.pba.ph/assets/players/49Tuffin.png
Phoenix Fuel Masters,Renato Ular,#5,F,https://www.pba.ph/players/renato-ular,https://dashboard.pba.ph/assets/players/49Ular.png
Phoenix Fuel Masters,Rafael Lorenzo Verano,#22,C/F,https://www.pba.ph/players/rafael-lorenzo-verano,https://dashboard.pba.ph/assets/players/49Verano.png
Magnolia Chicken Timplados Hotshots,Calvin Abueva,#13,F,https://www.pba.ph/players/calvin-abueva,https://dashboard.pba.ph/assets/players/49Abueva.png
Magnolia Chicken Timplados Hotshots,Jerrick Ahanmisi,#2,G,https://www.pba.ph/players/jerrick-ahanmisi,https://dashboard.pba.ph/assets/players/49J-Ahanmisi.png
Magnolia Chicken Timplados Hotshots,Pedro Alfaro III,#17,G,https://www.pba.ph/players/pedro-alfaro-iii,https://dashboard.pba.ph/assets/players/49Alfaro.png
Magnolia Chicken Timplados Hotshots,Jerrick Balanza,#77,G,https://www.pba.ph/players/jerrick-balanza,https://dashboard.pba.ph/assets/players/49Balanza.png
Magnolia Chicken Timplados Hotshots,Aristotle Dionisio,#57,C/F,https://www.pba.ph/players/aristotle-dionisio,https://dashboard.pba.ph/assets/players/49Dionisio.png
Magnolia Chicken Timplados Hotshots,Russel Escoto,#88,C,https://www.pba.ph/players/russel-escoto,https://dashboard.pba.ph/assets/players/49Russel.png
Magnolia Chicken Timplados Hotshots,James Laput,#42,C,https://www.pba.ph/players/james-laput,https://dashboard.pba.ph/assets/players/49Laput.png
Magnolia Chicken Timplados Hotshots,Jerom Lastimosa,#0,G,https://www.pba.ph/players/jerom-lastimosa,https://dashboard.pba.ph/assets/players/49Lastimosa.png
Magnolia Chicken Timplados Hotshots,Zavier Lucero,#7,F/G,https://www.pba.ph/players/zavier-lucero,https://dashboard.pba.ph/assets/players/49Lucero.png
Magnolia Chicken Timplados Hotshots,Jonathan Jed Mendoza,#65,F/G,https://www.pba.ph/players/jonathan-jed-mendoza,https://dashboard.pba.ph/assets/players/49Mendoza.png
Magnolia Chicken Timplados Hotshots,Ricardo Ratliffe,#20,F,https://www.pba.ph/players/ricardo-ratliffe,https://statsspace01.sgp1.digitaloceanspaces.com/basketball_organizer/images/7ycsnv23w3m5waytok21fshwj4co
Magnolia Chicken Timplados Hotshots,Glenn Alann Robinson III,#40,C/F,https://www.pba.ph/players/glenn-alann-robinson-iii,https://dashboard.pba.ph/assets/players/49Robinson-III.png
San Miguel Beermen,Jordan Lavell Adams,#0,C/F,https://www.pba.ph/players/jordan-lavell-adams,https://dashboard.pba.ph/assets/players/49Adams.png
San Miguel Beermen,John Rodney Brondial,#91,C/F,https://www.pba.ph/players/john-rodney-brondial,https://dashboard.pba.ph/assets/players/49Brondial.png
San Miguel Beermen,Philip Andreas Cahilig,#10,G,https://www.pba.ph/players/philip-andreas-cahilig,https://dashboard.pba.ph/assets/players/49Cahilig.png
San Miguel Beermen,June Mar Fajardo,#15,C,https://www.pba.ph/players/june-mar-fajardo,https://dashboard.pba.ph/assets/players/49JMF.png
San Miguel Beermen,Krystoffe Jimenez,#76,G,https://www.pba.ph/players/krystoffe-jimenez,https://dashboard.pba.ph/assets/players/49Jimenez.png
San Miguel Beermen,Avan Nava,#27,G,https://www.pba.ph/players/avan-nava,https://dashboard.pba.ph/assets/players/49Nava.png
San Miguel Beermen,Jaymar Perez,#77,G,https://www.pba.ph/players/jaymar-perez,https://dashboard.pba.ph/assets/players/49C-Perez.png
San Miguel Beermen,Kris Rosales,#11,G,https://www.pba.ph/players/kris-rosales,https://dashboard.pba.ph/assets/players/49Rosales.png
San Miguel Beermen,Moala Tautuaa,#3,C,https://www.pba.ph/players/moala-tautuaa,https://dashboard.pba.ph/assets/players/49Tautuaa.png
San Miguel Beermen,Jeron Teng,#21,G,https://www.pba.ph/players/jeron-teng,https://dashboard.pba.ph/assets/players/49Teng.png
San Miguel Beermen,Celedonio Trollano,#2,F/G,https://www.pba.ph/players/celedonio-trollano,https://dashboard.pba.ph/assets/players/49Trollano.png
Rain or Shine Elastopainters,Anton Rafael Asistio,#8,G,https://www.pba.ph/players/anton-rafael-asistio,https://dashboard.pba.ph/assets/players/49Asistio.png
Rain or Shine Elastopainters,Andrei Caracut,#14,G,https://www.pba.ph/players/andrei-caracut,https://dashboard.pba.ph/assets/players/49Caracut.png
Rain or Shine Elastopainters,Jhonard Clarito,#22,F,https://www.pba.ph/players/jhonard-clarito,https://dashboard.pba.ph/assets/players/49Clarito.png
Rain or Shine Elastopainters,Keith Datu,#21,C/F,https://www.pba.ph/players/keith-datu,https://dashboard.pba.ph/assets/players/49Datu.png
Rain or Shine Elastopainters,Francis Gabriel Escandor,#7,F/G,https://www.pba.ph/players/francis-gabriel-escandor,https://dashboard.pba.ph/assets/players/49Escandor.png
Rain or Shine Elastopainters,Shaun Ildefonso,#10,G,https://www.pba.ph/players/shaun-ildefonso,https://dashboard.pba.ph/assets/players/49Ildefonso.png
Rain or Shine Elastopainters,Felix Lemetti,#2,G,https://www.pba.ph/players/felix-lemetti,https://dashboard.pba.ph/assets/players/49Lemetti.png
Rain or Shine Elastopainters,Gian Mamuyac,#3,G,https://www.pba.ph/players/gian-mamuyac,https://dashboard.pba.ph/assets/players/49Mamuyac.png
Rain or Shine Elastopainters,Adrian Clarence Nocum,#1,G,https://www.pba.ph/players/adrian-clarence-nocum,https://dashboard.pba.ph/assets/players/49Nocum.png
Rain or Shine Elastopainters,Leonard Santillan,#25,C/F,https://www.pba.ph/players/leonard-santillan,https://dashboard.pba.ph/assets/players/49Santillan.png
Rain or Shine Elastopainters,Caelan Todd Tiongson,#0,F,https://www.pba.ph/players/caelan-todd-tiongson,https://dashboard.pba.ph/assets/players/49C-Tiongson.png
Meralco Bolts,Brandon Matthew Bates,#33,C/F,https://www.pba.ph/players/brandon-matthew-bates,https://dashboard.pba.ph/assets/players/49bates.png
Meralco Bolts,Norman Aaron Black,#1,F/G,https://www.pba.ph/players/norman-aaron-black,https://dashboard.pba.ph/assets/players/49Black.png
Meralco Bolts,Crispin John Cansino,#71,G,https://www.pba.ph/players/crispin-john-cansino,https://dashboard.pba.ph/assets/players/49cansino.png
Meralco Bolts,Cliff Hodge,#7,F,https://www.pba.ph/players/cliff-hodge,https://dashboard.pba.ph/assets/players/49Hodge.png
Meralco Bolts,Raymar Jose,#24,F,https://www.pba.ph/players/raymar-jose,https://dashboard.pba.ph/assets/players/49Jose.png
Meralco Bolts,Jose Lorenzo Mendoza,#10,F/G,https://www.pba.ph/players/jose-lorenzo-mendoza,https://dashboard.pba.ph/assets/players/49JoloMendoza.png
Meralco Bolts,Chris Newsome,#11,G,https://www.pba.ph/players/chris-newsome,https://dashboard.pba.ph/assets/players/49Newsome.png
Meralco Bolts,Alvin Pasaol,#23,G,https://www.pba.ph/players/alvin-pasaol,https://dashboard.pba.ph/assets/players/49Pasaol.png
Meralco Bolts,Kyle Nicholas Pascual,#32,C/F,https://www.pba.ph/players/kyle-nicholas-pascual,https://dashboard.pba.ph/assets/players/49Pascual.png
Meralco Bolts,Kier John Quinto,#19,G,https://www.pba.ph/players/kier-john-quinto,https://dashboard.pba.ph/assets/players/49Quinto.png
Meralco Bolts,Jansen Rios,#27,G,https://www.pba.ph/players/jansen-rios,https://dashboard.pba.ph/assets/players/49Rios.png
Meralco Bolts,Norbert Torres,#29,C,https://www.pba.ph/players/norbert-torres,https://dashboard.pba.ph/assets/players/49Torres.png
North Port Batang Pier,John Anthony Amores,#19,F/G,https://www.pba.ph/players/john-anthony-amores,https://dashboard.pba.ph/assets/players/49Amores.png
North Port Batang Pier,Allyn Bulanadi,#13,Guard,https://www.pba.ph/players/allyn-bulanadi,https://dashboard.pba.ph/assets/players/49Bulanadi.png
North Port Batang Pier,Damie Cuntapay,#37,C/F,https://www.pba.ph/players/damie-cuntapay,https://dashboard.pba.ph/assets/players/49Cuntapay.png
North Port Batang Pier,Cade Flores,#22,C/F,https://www.pba.ph/players/cade-flores,https://dashboard.pba.ph/assets/players/49Flores.png
North Port Batang Pier,Venkatesha Jois,#55,C/F,https://www.pba.ph/players/venkatesha-jois,https://dashboard.pba.ph/assets/players/49Jois49.png
North Port Batang Pier,Joshua Munzon,#24,F/G,https://www.pba.ph/players/joshua-munzon,https://dashboard.pba.ph/assets/players/49Munzon.png
North Port Batang Pier,William Raniel Navarro,#23,C/F,https://www.pba.ph/players/william-raniel-navarro,https://dashboard.pba.ph/assets/players/49Navarro.png
North Port Batang Pier,Evan Heinrich Nikolai Nelle,#20,G,https://www.pba.ph/players/evan-heinrich-nikolai-nelle,https://dashboard.pba.ph/assets/players/49Nelle.png
North Port Batang Pier,Sidney Onwubere,#27,F,https://www.pba.ph/players/sidney-onwubere,https://dashboard.pba.ph/assets/players/49Onwubere.png
North Port Batang Pier,Paolo Taha,#0,G,https://www.pba.ph/players/paolo-taha,https://dashboard.pba.ph/assets/players/49Taha.png
North Port Batang Pier,Arvin Dave Tolentino,#10,F,https://www.pba.ph/players/arvin-dave-tolentino,https://dashboard.pba.ph/assets/players/49Tolentino.png
North Port Batang Pier,Abu Jahal Tratter,#5,F,https://www.pba.ph/players/abu-jahal-tratter,https://dashboard.pba.ph/assets/players/49Tratter.png
North Port Batang Pier,Fran Louie Yu,#3,F/G,https://www.pba.ph/players/fran-louie-yu,https://dashboard.pba.ph/assets/players/49Yu.png
Blackwater Bossing,Sedrick Barefield,#2,G,https://www.pba.ph/players/sedrick-barefield,https://dashboard.pba.ph/assets/players/49Barefield.png
Blackwater Bossing,JVee Casio,#6,G,https://www.pba.ph/players/jvee-casio,https://dashboard.pba.ph/assets/players/49Casio.png
Blackwater Bossing,Miguel Ives Corteza,#12,F,https://www.pba.ph/players/miguel-ives-corteza,https://dashboard.pba.ph/assets/players/49Corteza.png
Blackwater Bossing,Christian David,#25,C/F,https://www.pba.ph/players/christian-david,https://dashboard.pba.ph/assets/players/49C-David.png
Blackwater Bossing,Richard Escoto,#23,F/G,https://www.pba.ph/players/richard-escoto,https://dashboard.pba.ph/assets/players/RaselEscoto.png
Blackwater Bossing,Tyrus Hill,#33,C/F,https://www.pba.ph/players/tyrus-hill,https://dashboard.pba.ph/assets/players/49Hill.png
Blackwater Bossing,Regile Kent Ilagan,#0,PG,https://www.pba.ph/players/regile-kent-ilagan,https://dashboard.pba.ph/assets/players/49Ilagan.png
Blackwater Bossing,Clifford Jopia,#13,C/F,https://www.pba.ph/players/clifford-jopia,https://dashboard.pba.ph/assets/players/49Jopia.png
Blackwater Bossing,George King,#94,C/F,https://www.pba.ph/players/george-king,https://dashboard.pba.ph/assets/players/king.png
Blackwater Bossing,James Kwekuteye,#7,Guard,https://www.pba.ph/players/james-kwekuteye,https://dashboard.pba.ph/assets/players/49Kwekuteye.png
Blackwater Bossing,Derohn Dominic Mitchell,#22,G,https://www.pba.ph/players/derohn-dominic-mitchell,https://dashboard.pba.ph/assets/players/49Mitchell.png
Blackwater Bossing,Kirell Brahndon Montalbo,#15,G,https://www.pba.ph/players/kirell-brahndon-montalbo,https://dashboard.pba.ph/assets/players/49Montalbo.png
Blackwater Bossing,Rey Suerte,#4,G,https://www.pba.ph/players/rey-suerte,https://dashboard.pba.ph/assets/players/49Suerte.png
Blackwater Bossing,Frederick Tungcab,#5,F/G,https://www.pba.ph/players/frederick-tungcab,https://dashboard.pba.ph/assets/players/49Tungcab.png
Blackwater Bossing,James Yap,#15,F/G,https://www.pba.ph/players/james-yap,https://dashboard.pba.ph/assets/players/24yapj.png
Barangay Ginebra San Miguel,Rhon Jay Abarrientos,#4,G,https://www.pba.ph/players/rhon-jay-abarrientos,https://dashboard.pba.ph/assets/players/49Abarrientos.png
Barangay Ginebra San Miguel,Benedict Adamos,#88,C,https://www.pba.ph/players/benedict-adamos,https://dashboard.pba.ph/assets/players/49Adamos.png
Barangay Ginebra San Miguel,Japeth Aguilar,#25,F,https://www.pba.ph/players/japeth-aguilar,https://dashboard.pba.ph/assets/players/49J-Aguilar.png
Barangay Ginebra San Miguel,Maverick Ahanmisi,#0,G,https://www.pba.ph/players/maverick-ahanmisi,https://dashboard.pba.ph/assets/players/49M-Ahanmisi.png
Barangay Ginebra San Miguel,Louis Raphael Cu,#18,F/G,https://www.pba.ph/players/louis-raphael-cu,https://dashboard.pba.ph/assets/players/Cu.png
Barangay Ginebra San Miguel,Jayson David,#24,G,https://www.pba.ph/players/jayson-david,https://dashboard.pba.ph/assets/players/49J-David.png
Barangay Ginebra San Miguel,Paul Garcia,#6,G,https://www.pba.ph/players/paul-garcia,https://dashboard.pba.ph/assets/players/49P-garcia.png
Barangay Ginebra San Miguel,George Isaac Go,#11,C/F,https://www.pba.ph/players/george-isaac-go,https://dashboard.pba.ph/assets/players/49Go.png
Barangay Ginebra San Miguel,Stephen Jeffrey Holt,#2,F/G,https://www.pba.ph/players/stephen-jeffrey-holt,https://dashboard.pba.ph/assets/players/49Holt.png
Barangay Ginebra San Miguel,Lewis Alfred Tenorio,#5,G,https://www.pba.ph/players/lewis-alfred-tenorio,https://dashboard.pba.ph/assets/players/49Tenorio.png
Converge FiberXers,Jeo Ambohot,#18,,https://www.pba.ph/players/jeo-ambohot,https://dashboard.pba.ph/assets/players/49356Ambohot.png
Converge FiberXers,Bryan Jason Andrade,#2,G,https://www.pba.ph/players/bryan-jason-andrade,https://dashboard.pba.ph/assets/players/49Andrade.png
Converge FiberXers,Justin Arana,#15,C,https://www.pba.ph/players/justin-arana,https://dashboard.pba.ph/assets/players/49Arana.png
Converge FiberXers,King Denielle Caralipio,#27,F,https://www.pba.ph/players/king-denielle-caralipio,https://dashboard.pba.ph/assets/players/49Caralipio.png
Converge FiberXers,John Louisee Delos Santos,#24,F,https://www.pba.ph/players/john-louisee-delos-santos,https://dashboard.pba.ph/assets/players/49Delos-Santos.png
Converge FiberXers,Inand Fornilos,#0,F/G,https://www.pba.ph/players/inand-fornilos,https://dashboard.pba.ph/assets/players/49Fornilos.png
Converge FiberXers,Jordan Timothy Heading,#3,G,https://www.pba.ph/players/jordan-timothy-heading,https://dashboard.pba.ph/assets/players/noimage.png
Converge FiberXers,Brian Scott Hopson,#32,C/F,https://www.pba.ph/players/brian-scott-hopson,https://dashboard.pba.ph/assets/players/49Hopson.png
Converge FiberXers,Patrick Maagdenberg,#4,C/F,https://www.pba.ph/players/patrick-maagdenberg,https://dashboard.pba.ph/assets/players/49Maagdenberg.png
Converge FiberXers,Michael Joseph Nieto,#17,F/G,https://www.pba.ph/players/michael-joseph-nieto,https://dashboard.pba.ph/assets/players/49M-Nieto.png
Converge FiberXers,Bryan Santos,#26,C/F,https://www.pba.ph/players/bryan-santos,https://dashboard.pba.ph/assets/players/49B-Santos.png
Converge FiberXers,Alec June Stockton,#12,F/G,https://www.pba.ph/players/alec-june-stockton,https://dashboard.pba.ph/assets/players/49Stockton.png
Converge FiberXers,Kamron Vigan-Fleming,#1,Guard,https://www.pba.ph/players/kamron-vigan-fleming,https://dashboard.pba.ph/assets/players/49Fleming.png
Converge FiberXers,Deschon Winston,#8,G,https://www.pba.ph/players/deschon-winston,https://dashboard.pba.ph/assets/players/49Winston.png
